iter	Focal:focal_alpha=0.5;focal_gamma=2.0
0	0.08606334277
1	0.08546305549
2	0.08484390509
3	0.08429629811
4	0.0837621516
5	0.08325577204
6	0.08269941543
7	0.08221150663
8	0.08167852529
9	0.08117250608
10	0.08069846244
11	0.08018316392
12	0.07968135567
13	0.07921987932
14	0.07879315846
15	0.07830507293
16	0.07784068055
17	0.07735668493
18	0.07687977967
19	0.07644717127
20	0.07604177544
21	0.07559611025
22	0.07516713914
23	0.07472262874
24	0.07435068886
25	0.07393432486
26	0.07360108576
27	0.07321091365
28	0.07281956172
29	0.07245193022
30	0.07206002844
31	0.07169812264
32	0.0713523597
33	0.07097810314
34	0.07063473182
35	0.07027871369
36	0.06994644948
37	0.06962118794
38	0.06929989208
39	0.06899014978
40	0.06865907943
41	0.06832716516
42	0.0680699751
43	0.06776497189
44	0.06748770606
45	0.06720645345
46	0.06693721677
47	0.06661604217
48	0.06635221561
49	0.06605697316
50	0.06577716533
51	0.06551384998
52	0.0652560507
53	0.06498527669
54	0.06475638742
55	0.06454356059
56	0.06426822034
57	0.06404374211
58	0.06381666684
59	0.06355453071
60	0.06336718592
61	0.06317209174
62	0.06297089677
63	0.06276746253
64	0.06255155462
65	0.0623512153
66	0.06212770726
67	0.06193718496
68	0.06174172742
69	0.06152509099
70	0.06135371535
71	0.06113109962
72	0.0609410779
73	0.060730317
74	0.06051371018
75	0.06035879232
76	0.06016976908
77	0.05997251803
78	0.05977641655
79	0.05958193393
80	0.05939873155
81	0.05921476582
82	0.05906362385
83	0.05888260983
84	0.05869014425
85	0.05851093036
86	0.0583561719
87	0.05822649156
88	0.05805978917
89	0.05790387377
90	0.05776699296
91	0.05759638714
92	0.05746306165
93	0.05732392351
94	0.05720467519
95	0.05707452154
96	0.05693416689
97	0.05679962342
98	0.05668585426
99	0.05654698518
100	0.05641151221
101	0.05628799485
102	0.05617745209
103	0.05606412787
104	0.05594336997
105	0.05580281714
106	0.05567964312
107	0.05555047299
108	0.05543460407
109	0.05530562925
110	0.05518645029
111	0.0550871951
112	0.05495850547
113	0.05482817784
114	0.05471475972
115	0.05461640198
116	0.05451141757
117	0.05440226403
118	0.05429989209
119	0.0542167654
120	0.05411919525
121	0.05401277897
122	0.05389694543
123	0.05378275227
124	0.05367969632
125	0.05357900954
126	0.05349601729
127	0.05340593442
128	0.05331116328
129	0.0532092007
130	0.05312314854
131	0.05302967145
132	0.05293343106
133	0.05286098962
134	0.05276869132
135	0.05268037886
136	0.05259023665
137	0.05250742489
138	0.0524180583
139	0.05233057456
140	0.05226323777
141	0.05215885607
142	0.05207798647
143	0.05199882504
144	0.05191784493
145	0.05183062278
146	0.05175342292
147	0.05167691274
148	0.05159631912
149	0.05152859868
150	0.05147354905
151	0.05138749898
152	0.05132728025
153	0.05123744518
154	0.05117902545
155	0.05109794916
156	0.05103332038
157	0.05096300004
158	0.05089598132
159	0.05083826279
160	0.05077623698
161	0.05069112843
162	0.05061600955
163	0.05053997246
164	0.05048795676
165	0.05041475027
166	0.05036694462
167	0.05032007641
168	0.05024959381
169	0.05019868073
170	0.05013717079
171	0.05006898618
172	0.05000881793
173	0.04995239606
174	0.04988811213
175	0.04983677049
176	0.04977440919
177	0.04971429585
178	0.04966273688
179	0.04961789595
180	0.04956401744
181	0.04950958197
182	0.04944250149
183	0.04939056694
184	0.04934268258
185	0.04930432237
186	0.04925080431
187	0.04918591052
188	0.04913763766
189	0.04909734565
190	0.04904640294
191	0.0490084389
192	0.04896125271
193	0.04891432635
194	0.04886254969
195	0.04882755891
196	0.04877501697
197	0.04873436239
198	0.04868531091
199	0.04864046347
200	0.0485988377
201	0.04856810049
202	0.04853466409
203	0.04848047548
204	0.04844092251
205	0.04841107253
206	0.04836852671
207	0.04832169605
208	0.0482752084
209	0.04822709116
210	0.04818742449
211	0.04814291657
212	0.04810564516
213	0.04804955038
214	0.0479973587
215	0.04796908857
216	0.04792903865
217	0.04787689319
218	0.04783897104
219	0.04781443285
220	0.04778818005
221	0.04774551463
222	0.04770477808
223	0.04765762928
224	0.04762550911
225	0.04758571814
226	0.04754006197
227	0.04751175378
228	0.04748135374
229	0.04744388814
230	0.0474172586
231	0.04737534914
232	0.04733716744
233	0.04730349483
234	0.04726905645
235	0.04723673231
236	0.04720189233
237	0.04716654032
238	0.04713124516
239	0.04708888411
240	0.04706907016
241	0.04703624055
242	0.04700736869
243	0.04698030872
244	0.04695247657
245	0.04692094179
246	0.04689254985
247	0.04686365111
248	0.04684576035
249	0.04680095409
250	0.04676944736
251	0.04672524772
252	0.04669850756
253	0.04666562683
254	0.04664351753
255	0.04661458786
256	0.0465947091
257	0.04656622605
258	0.04654445854
259	0.04652279878
260	0.04649064655
261	0.04646560465
262	0.04644138073
263	0.04642210101
264	0.04640076351
265	0.04636193721
266	0.04632848207
267	0.04630393469
268	0.04627820042
269	0.04624892374
270	0.04622894334
271	0.04619710417
272	0.04615545889
273	0.04612895822
274	0.04609447228
275	0.04606926758
276	0.04603380402
277	0.04600994888
278	0.04599305849
279	0.04596610545
280	0.04594913554
281	0.04592361493
282	0.0459060233
283	0.04588046982
284	0.04586372981
285	0.04583666665
286	0.04580928075
287	0.04578754722
288	0.04576915935
289	0.04575207466
290	0.04572796381
291	0.0456962985
292	0.04566800445
293	0.045630676
294	0.04560512553
295	0.04559693781
296	0.04557862284
297	0.04555040856
298	0.04552339648
299	0.04550010608
300	0.04548210859
301	0.04546284242
302	0.04544188857
303	0.04541462405
304	0.04538832507
305	0.04536665459
306	0.04535435031
307	0.04533822418
308	0.04531833336
309	0.0452995422
310	0.04528000866
311	0.04525955214
312	0.04524554549
313	0.0452210057
314	0.04520675514
315	0.04518431006
316	0.04515664018
317	0.04514031107
318	0.04511718578
319	0.04509883432
320	0.04507320953
321	0.04505925254
322	0.0450417197
323	0.04501292528
324	0.044990623
325	0.04496970427
326	0.04494734134
327	0.0449243991
328	0.04490775613
329	0.04488527253
330	0.04486177226
331	0.04484420694
332	0.04482504728
333	0.04480879524
334	0.04478951728
335	0.04476851513
336	0.04475498309
337	0.0447289954
338	0.04471003495
339	0.04469077322
340	0.04467831462
341	0.04465153453
342	0.04463511207
343	0.04461074233
344	0.04459347129
345	0.04457968903
346	0.04456580076
347	0.04454098515
348	0.04452867285
349	0.04451374187
350	0.04449345789
351	0.04447858568
352	0.04446618755
353	0.04445111435
354	0.04443658277
355	0.04442581279
356	0.04441978878
357	0.04439744063
358	0.04437595682
359	0.04435803692
360	0.04433966885
361	0.04431547644
362	0.04429905578
363	0.04428604284
364	0.04426279196
365	0.04424845029
366	0.04423487853
367	0.04421861428
368	0.04419990415
369	0.0441806481
370	0.04416774077
371	0.04415568912
372	0.04413936501
373	0.04413230546
374	0.04412146727
375	0.04410814795
376	0.04408750958
377	0.04405923038
378	0.04404323507
379	0.04402485641
380	0.04401439652
381	0.04399437874
382	0.04397903931
383	0.04396025356
384	0.04394948307
385	0.04392676344
386	0.04391253248
387	0.04390519446
388	0.04388706508
389	0.0438691963
390	0.04385414678
391	0.04383512927
392	0.0438190334
393	0.04380279751
394	0.04379203096
395	0.04378145679
396	0.04377121652
397	0.0437581531
398	0.04373701939
399	0.04372607573
400	0.04370256121
401	0.04368372832
402	0.0436764852
403	0.04366815887
404	0.04365215679
405	0.04364021259
406	0.04362979934
407	0.04361256966
408	0.04359292895
409	0.04357880256
410	0.04356434815
411	0.04354754776
412	0.04352501193
413	0.0435087177
414	0.04348972707
415	0.04346852594
416	0.04345330998
417	0.04344558951
418	0.04342921888
419	0.04341115932
420	0.04339549413
421	0.04337845289
422	0.04336529095
423	0.04334778545
424	0.043336977
425	0.04330737597
426	0.04329415766
427	0.04327647782
428	0.04326225212
429	0.04324695281
430	0.04322523591
431	0.04321452123
432	0.04319406317
433	0.04319171949
434	0.043180012
435	0.0431670279
436	0.04315929294
437	0.04314620938
438	0.04314197442
439	0.04313270448
440	0.0431236577
441	0.04310299602
442	0.04309181585
443	0.04307171471
444	0.04306442554
445	0.04304681507
446	0.04303325233
447	0.04301716658
448	0.04299634648
449	0.0429803655
450	0.04296296445
451	0.0429372446
452	0.04292331763
453	0.04290759606
454	0.04288712439
455	0.04287114704
456	0.04285150148
457	0.04282333808
458	0.04280276243
459	0.04279097335
460	0.04278011356
461	0.04276496036
462	0.04274460531
463	0.04273388401
464	0.0427160495
465	0.04269622774
466	0.04268804972
467	0.04267972252
468	0.04267189846
469	0.04265881734
470	0.04264380973
471	0.04263150359
472	0.04261379375
473	0.0425893283
474	0.04256686013
475	0.04255509674
476	0.04254076388
477	0.04253157985
478	0.0425269011
479	0.04250966738
480	0.04248751863
481	0.04247460196
482	0.04246807539
483	0.04245876821
484	0.04245119693
485	0.04243989032
486	0.0424349095
487	0.04241830159
488	0.04240796224
489	0.0423971021
490	0.04238208919
491	0.04237551758
492	0.04236221809
493	0.04235510349
494	0.04234509121
495	0.04232767697
496	0.04230650288
497	0.04230494168
498	0.04229413743
499	0.04228249398
500	0.04227521311
501	0.04226002885
502	0.04224651231
503	0.04223266334
504	0.04221954955
505	0.04220947541
506	0.0421998446
507	0.04217994757
508	0.04216848983
509	0.04215547326
510	0.04214096057
511	0.04212848676
512	0.04211839002
513	0.04210784487
514	0.04208900708
515	0.04207879124
516	0.04205952059
517	0.04205096116
518	0.04204097103
519	0.04203292026
520	0.04202561118
521	0.04201816233
522	0.04200655725
523	0.04199360043
524	0.04197961903
525	0.0419608441
526	0.04194839118
527	0.041936121
528	0.04192662269
529	0.04191432179
530	0.04189675199
531	0.04188447435
532	0.04186603993
533	0.04185747129
534	0.04184872035
535	0.04184050301
536	0.04182632037
537	0.0418157017
538	0.04180783757
539	0.0418019526
540	0.04178318511
541	0.04177665656
542	0.04176851625
543	0.04175604686
544	0.041738269
545	0.04172477734
546	0.04171350016
547	0.04170618135
548	0.04169472176
549	0.04168843766
550	0.04167094916
551	0.04166367854
552	0.04164852724
553	0.04163924585
554	0.04162552988
555	0.04162202643
556	0.04161005859
557	0.04159381787
558	0.04158763319
559	0.04158137701
560	0.04156630864
561	0.04155667132
562	0.0415450268
563	0.04153974188
564	0.04152832977
565	0.0415181557
566	0.04151166053
567	0.04150945517
568	0.04150296751
569	0.041495212
570	0.04148084525
571	0.04146775415
572	0.04144528835
573	0.04143711854
574	0.04142947076
575	0.04141722494
576	0.04141115948
577	0.0413963324
578	0.04138541869
579	0.04137465273
580	0.04136451426
581	0.0413581496
582	0.04135072137
583	0.04133865826
584	0.04132596871
585	0.04131434675
586	0.04130145849
587	0.04129199222
588	0.04128041692
589	0.04127500551
590	0.04126552627
591	0.04125782863
592	0.04123989111
593	0.04122559479
594	0.04121081895
595	0.04119734032
596	0.04118326061
597	0.04117645997
598	0.04117174719
599	0.0411616783
600	0.04114622496
601	0.04113635964
602	0.04112891763
603	0.04111848172
604	0.04110575981
605	0.04108985955
606	0.04108091975
607	0.04106676795
608	0.04105717551
609	0.04103448304
610	0.0410271669
611	0.04101353335
612	0.04100194362
613	0.04098839616
614	0.04097900011
615	0.04096634759
616	0.04095924587
617	0.04094798506
618	0.04094045261
619	0.04093263085
620	0.04092048834
621	0.04090865776
622	0.04089341777
623	0.04087741545
624	0.04086720196
625	0.04085185629
626	0.04083568011
627	0.04082719948
628	0.04081031193
629	0.0407970165
630	0.04078443587
631	0.04077011289
632	0.04076392858
633	0.04075176149
634	0.0407396383
635	0.04072621397
636	0.04070867235
637	0.04070469796
638	0.04069624925
639	0.04068225581
640	0.04066923613
641	0.04065880575
642	0.04064663649
643	0.04063557155
644	0.04062037785
645	0.04061049226
646	0.0406035641
647	0.04058401661
648	0.04057356105
649	0.04056066161
650	0.04055136608
651	0.04053714025
652	0.04052545733
653	0.04051590097
654	0.04050077749
655	0.04048787206
656	0.04047821031
657	0.04046630152
658	0.04045556603
659	0.04044084163
660	0.04042580824
661	0.04041838701
662	0.04040543402
663	0.0403928772
664	0.0403811415
665	0.04037083055
666	0.04036146894
667	0.0403485058
668	0.04033323035
669	0.04031407315
670	0.0403062577
671	0.04029614868
672	0.04028749626
673	0.04027473468
674	0.04026108485
675	0.04024911108
676	0.04024028759
677	0.04023606699
678	0.0402223431
679	0.04021651923
680	0.04020350863
681	0.04019751057
682	0.0401864388
683	0.0401675716
684	0.04015746694
685	0.04014009696
686	0.04013026194
687	0.04011703365
688	0.04011080952
689	0.04009991466
690	0.04008294896
691	0.04007451139
692	0.0400631252
693	0.04005090174
694	0.04003985491
695	0.04003250416
696	0.04002881555
697	0.04002469826
698	0.04001230403
699	0.03999713707
700	0.03998890238
701	0.03997773828
702	0.03996519625
703	0.0399519274
704	0.03993939325
705	0.03992780489
706	0.03991599753
707	0.03989768434
708	0.03988334444
709	0.03987390568
710	0.03986392611
711	0.03985585101
712	0.03984606587
713	0.03983689714
714	0.03982711486
715	0.0398157165
716	0.0398058139
717	0.03979595378
718	0.03978007585
719	0.03976929053
720	0.03975097751
721	0.03973960084
722	0.03973322152
723	0.039719229
724	0.03970804139
725	0.03969044957
726	0.03967938207
727	0.03966778889
728	0.03965955658
729	0.03964974115
730	0.0396365909
731	0.03962733255
732	0.03962064814
733	0.03960937252
734	0.03960044517
735	0.03959310666
736	0.03958564035
737	0.03957281164
738	0.0395580622
739	0.03954822363
740	0.03952982878
741	0.03951815365
742	0.03950237949
743	0.03948441238
744	0.03947007998
745	0.03945490866
746	0.03944413738
747	0.03943564841
748	0.03941664906
749	0.0394038096
750	0.03939318153
751	0.03938162421
752	0.0393754984
753	0.03936420773
754	0.03934989882
755	0.03933674658
756	0.03932209217
757	0.03930993514
758	0.03929064417
759	0.03927281202
760	0.03926211181
761	0.0392512141
762	0.03923972104
763	0.03923306619
764	0.03922204434
765	0.0392118139
766	0.0391967175
767	0.03918817689
768	0.03917623045
769	0.03916730951
770	0.03914783205
771	0.03913712416
772	0.03912381367
773	0.03911209322
774	0.03910459797
775	0.03909657665
776	0.03908409373
777	0.03907412017
778	0.03906315819
779	0.03905341313
780	0.03904329975
781	0.03903034379
782	0.03901907923
783	0.03900649351
784	0.03899783068
785	0.03898564209
786	0.03897003808
787	0.03895753245
788	0.03894640727
789	0.0389357095
790	0.03891968879
791	0.03891128753
792	0.03890237606
793	0.03888801119
794	0.03886956069
795	0.03885346113
796	0.03884130895
797	0.03882599433
798	0.03880922723
799	0.03880204699
800	0.03878570102
801	0.03877762681
802	0.03876948892
803	0.03875624227
804	0.03874022989
805	0.0387261264
806	0.0387134156
807	0.03869947561
808	0.03869103886
809	0.03867554633
810	0.03865926595
811	0.03864384591
812	0.03863477071
813	0.03862320977
814	0.03861078075
815	0.03859546616
816	0.03858318126
817	0.03857244631
818	0.03856434359
819	0.03855560704
820	0.03853727553
821	0.03852107568
822	0.0385127889
823	0.03849853102
824	0.03848617495
825	0.03847362416
826	0.03846293576
827	0.0384507585
828	0.03844375389
829	0.03843149952
830	0.03842245376
831	0.03841403216
832	0.03840690616
833	0.03839519821
834	0.03838354344
835	0.0383720768
836	0.0383581402
837	0.03834640318
838	0.03833460963
839	0.03832064883
840	0.03830885866
841	0.03829476571
842	0.03828219514
843	0.03826875679
844	0.03825806183
845	0.03824901171
846	0.03823993762
847	0.03823112244
848	0.03822131547
849	0.03820805275
850	0.03819604099
851	0.03817845909
852	0.03816783098
853	0.03815368848
854	0.03814348415
855	0.03812876894
856	0.03811815368
857	0.03810759362
858	0.03809778406
859	0.03808144183
860	0.03807172594
861	0.03806172311
862	0.03805083432
863	0.03804103886
864	0.03803171232
865	0.03802122145
866	0.03800797236
867	0.037997155
868	0.03798901467
869	0.03798039277
870	0.03797211127
871	0.03796192919
872	0.03794695977
873	0.03793216283
874	0.03792069133
875	0.03790944716
876	0.03789587475
877	0.03788451667
878	0.03787152415
879	0.03785637963
880	0.03784575974
881	0.03783314222
882	0.03782009649
883	0.03780951859
884	0.03779312161
885	0.03778366598
886	0.03777492015
887	0.03776226517
888	0.03774707534
889	0.03773681486
890	0.03772935321
891	0.0377212643
892	0.03770531412
893	0.03769482329
894	0.03768419134
895	0.03766877697
896	0.03766094475
897	0.03765171169
898	0.03763578215
899	0.03762270796
900	0.03761516607
901	0.03760326521
902	0.03758921548
903	0.03757625072
904	0.0375692801
905	0.03755967922
906	0.03754491127
907	0.03752903095
908	0.03751856947
909	0.03750421217
910	0.03749592054
911	0.03748086492
912	0.03746347105
913	0.03745621672
914	0.03744685606
915	0.03743547527
916	0.03742472055
917	0.03741272268
918	0.03740076526
919	0.03738940859
920	0.03738161301
921	0.0373667915
922	0.03735472801
923	0.03734389889
924	0.03732958737
925	0.0373207062
926	0.03729999048
927	0.03728702749
928	0.0372739551
929	0.03726087918
930	0.03724891522
931	0.03723778117
932	0.03723006895
933	0.03721657954
934	0.03720348416
935	0.03719373887
936	0.03717967109
937	0.03716508254
938	0.03715194569
939	0.03714039918
940	0.0371316186
941	0.03712265941
942	0.0371121971
943	0.03710222625
944	0.03709303214
945	0.03708142327
946	0.03706085014
947	0.03705090794
948	0.03703478478
949	0.03702480569
950	0.03701306221
951	0.03699857443
952	0.03698588945
953	0.03697584373
954	0.03696204134
955	0.03695175717
956	0.03693996581
957	0.03692958991
958	0.03691749443
959	0.03690677728
960	0.0368942528
961	0.03688220916
962	0.03687551496
963	0.03686553159
964	0.0368540719
965	0.03684374356
966	0.03683668903
967	0.03682801338
968	0.03681826706
969	0.03680561943
970	0.03679202793
971	0.03677918409
972	0.03676737425
973	0.0367478591
974	0.03673688407
975	0.0367284534
976	0.03671859323
977	0.0367065665
978	0.03669801665
979	0.03668765748
980	0.03667444778
981	0.03666230164
982	0.03665410901
983	0.03664054292
984	0.03663273499
985	0.03662230463
986	0.03661267053
987	0.03660430244
988	0.03659388463
989	0.03658195943
990	0.036569813
991	0.03655616391
992	0.03654323109
993	0.0365362918
994	0.03652759056
995	0.03651815606
996	0.03651041438
997	0.03650114928
998	0.03649189919
999	0.03648026942
1000	0.03646842915
1001	0.03645557412
1002	0.03644535922
1003	0.03643627545
1004	0.03642404178
1005	0.03641179346
1006	0.03640044434
1007	0.03638674232
1008	0.03637380831
1009	0.03636271869
1010	0.03634793885
1011	0.03633034952
1012	0.03631539605
1013	0.03630868034
1014	0.03629671762
1015	0.03628651279
1016	0.03627539892
1017	0.03626457279
1018	0.03625452108
1019	0.03624247635
1020	0.03622986877
1021	0.03621848339
1022	0.03621048249
1023	0.03619785617
1024	0.0361845404
1025	0.03617121636
1026	0.03615688533
1027	0.03614693131
1028	0.03613063768
1029	0.0361227255
1030	0.03611358333
1031	0.03610704419
1032	0.03609492167
1033	0.03608822696
1034	0.03608080431
1035	0.0360691008
1036	0.03606002143
1037	0.03604496556
1038	0.03603601772
1039	0.03602457421
1040	0.03601383295
1041	0.03600155355
1042	0.03599245106
1043	0.03598292705
1044	0.03596941409
1045	0.03596005676
1046	0.0359512747
1047	0.0359418341
1048	0.03593294092
1049	0.03592243315
1050	0.03591144429
1051	0.03590054099
1052	0.03589448362
1053	0.03588365797
1054	0.0358751646
1055	0.03586544524
1056	0.03585466817
1057	0.03584608702
1058	0.03583058454
1059	0.03581840502
1060	0.03580784374
1061	0.03579595843
1062	0.03578541946
1063	0.03577587843
1064	0.03576757844
1065	0.0357582294
1066	0.03574920643
1067	0.03574059275
1068	0.03572998564
1069	0.03571937622
1070	0.03570745411
1071	0.03569411687
1072	0.03568470744
1073	0.03566765046
1074	0.03565680639
1075	0.03564264617
1076	0.03563499707
1077	0.03562791479
1078	0.03561788284
1079	0.03560341132
1080	0.03558915579
1081	0.03557759411
1082	0.03556837137
1083	0.03555974875
1084	0.03554715046
1085	0.03553863035
1086	0.03552926954
1087	0.03552020683
1088	0.03550509723
1089	0.03549871451
1090	0.03548875682
1091	0.03547724497
1092	0.03546987644
1093	0.03546259035
1094	0.03544898354
1095	0.03543323612
1096	0.03542267939
1097	0.03541430279
1098	0.03540345371
1099	0.03539377143
1100	0.03538673762
1101	0.03538013005
1102	0.03537318706
1103	0.03535636384
1104	0.03534612886
1105	0.03533073701
1106	0.03532195972
1107	0.03531136712
1108	0.03530226362
1109	0.0352940979
1110	0.03528353509
1111	0.03527386987
1112	0.03526712984
1113	0.03525826702
1114	0.03524810142
1115	0.03523905872
1116	0.03523000554
1117	0.03522058145
1118	0.03521159943
1119	0.03520140878
1120	0.03518818235
1121	0.03517320823
1122	0.03516296877
1123	0.03515470018
1124	0.03514619588
1125	0.03513226456
1126	0.03512005799
1127	0.03511186981
1128	0.03510265299
1129	0.03509316628
1130	0.03507746559
1131	0.03507075388
1132	0.03506094176
1133	0.03505198002
1134	0.03504076991
1135	0.03502960102
1136	0.03502186895
1137	0.03500659521
1138	0.0349977234
1139	0.03498435873
1140	0.03497628487
1141	0.03497049687
1142	0.03495956043
1143	0.03494600025
1144	0.03493711548
1145	0.0349283674
1146	0.03491676642
1147	0.03490876513
1148	0.03489904083
1149	0.03488921267
1150	0.03487618928
1151	0.03486763396
1152	0.03485728379
1153	0.03484771076
1154	0.03483518888
1155	0.03482726316
1156	0.03481675136
1157	0.03480291136
1158	0.03479658546
1159	0.03478531099
1160	0.03477537975
1161	0.03476246759
1162	0.03475426547
1163	0.03474631277
1164	0.03473693508
1165	0.03472723463
1166	0.03471555618
1167	0.03470600314
1168	0.03469314952
1169	0.03468129347
1170	0.03467483303
1171	0.03466635962
1172	0.03465440298
1173	0.03464439068
1174	0.03463454353
1175	0.03462601176
1176	0.03461625852
1177	0.03460855305
1178	0.03459878361
1179	0.03458383491
1180	0.03457626365
1181	0.03456612704
1182	0.0345564594
1183	0.03454559018
1184	0.03453656247
1185	0.03452497409
1186	0.03451889224
1187	0.03451041316
1188	0.03450235685
1189	0.03449625513
1190	0.03448705047
1191	0.03447675102
1192	0.03446844851
1193	0.03445340292
1194	0.03444084752
1195	0.03443244567
1196	0.03442063943
1197	0.0344138054
1198	0.03440451568
1199	0.03439829383
1200	0.03439101806
1201	0.0343836839
1202	0.03437596635
1203	0.03436787759
1204	0.03435813173
1205	0.03435306883
1206	0.03434273669
1207	0.03433436914
1208	0.03432497899
1209	0.03431588777
1210	0.03431050705
1211	0.03430325912
1212	0.0342943211
1213	0.03428838512
1214	0.03428040237
1215	0.03426823169
1216	0.03425592313
1217	0.03424509746
1218	0.0342382011
1219	0.03423244632
1220	0.03422172476
1221	0.03421020251
1222	0.034200903
1223	0.03419491977
1224	0.03418595444
1225	0.03417545301
1226	0.03416645814
1227	0.03415969534
1228	0.03414896485
1229	0.03413936032
1230	0.03413412067
1231	0.03412758235
1232	0.03411520669
1233	0.03410243285
1234	0.03409439144
1235	0.03408000329
1236	0.03407050603
1237	0.0340617695
1238	0.03405304026
1239	0.0340440071
1240	0.03403246904
1241	0.03402594618
1242	0.03401797343
1243	0.03400773992
1244	0.03400044913
1245	0.03399352849
1246	0.03398143346
1247	0.03397049173
1248	0.03396436125
1249	0.03395019301
1250	0.03394204958
1251	0.03393624052
1252	0.03393062974
1253	0.03392184283
1254	0.03391256167
1255	0.03390131102
1256	0.03389254905
1257	0.03388186831
1258	0.03386784917
1259	0.03386024948
1260	0.03384931551
1261	0.03384186167
1262	0.03383612846
1263	0.03382625949
1264	0.03381400123
1265	0.03380218861
1266	0.03379474231
1267	0.03378708265
1268	0.03378143039
1269	0.03377275063
1270	0.03376292575
1271	0.03375699596
1272	0.03375165339
1273	0.033743118
1274	0.03372942939
1275	0.03372326028
1276	0.0337121491
1277	0.0337055875
1278	0.03369814544
1279	0.0336932605
1280	0.0336813754
1281	0.03367558756
1282	0.03366124275
1283	0.03365371232
1284	0.03364679036
1285	0.033639773
1286	0.03362955332
1287	0.03362472294
1288	0.03361734101
1289	0.03360677452
1290	0.03359773013
1291	0.0335869599
1292	0.03357853964
1293	0.03357292567
1294	0.0335653986
1295	0.03356066216
1296	0.03355300047
1297	0.03354569213
1298	0.0335320521
1299	0.0335217011
1300	0.033511806
1301	0.03350428736
1302	0.03349285613
1303	0.03348250178
1304	0.0334740457
1305	0.03346383071
1306	0.03345871996
1307	0.03345323501
1308	0.03344762305
1309	0.03343470714
1310	0.03342642151
1311	0.03341833887
1312	0.03341054771
1313	0.03340331182
1314	0.03339612422
1315	0.03339081259
1316	0.03337936971
1317	0.03337398137
1318	0.03336697322
1319	0.03335531299
1320	0.03334522452
1321	0.03333641927
1322	0.03332265029
1323	0.0333145671
1324	0.03330994656
1325	0.03329803502
1326	0.03328754034
1327	0.03328330212
1328	0.03327163944
1329	0.03326285281
1330	0.03325534836
1331	0.03324819021
1332	0.03324015992
1333	0.0332305774
1334	0.03322253167
1335	0.03321272393
1336	0.03320137293
1337	0.03319316237
1338	0.03318609909
1339	0.03317473502
1340	0.03316870997
1341	0.03315762135
1342	0.03314677629
1343	0.03313592819
1344	0.03312916176
1345	0.03311907669
1346	0.03310977673
1347	0.03309993297
1348	0.03309010779
1349	0.03308317629
1350	0.03307380739
1351	0.03306492551
1352	0.03305483865
1353	0.03304822363
1354	0.03304146975
1355	0.03303564338
1356	0.03302451352
1357	0.03301777959
1358	0.03301000459
1359	0.03300338538
1360	0.03299376904
1361	0.03298662532
1362	0.03297677017
1363	0.03297027572
1364	0.03296262908
1365	0.03295630993
1366	0.03294870208
1367	0.03294214592
1368	0.03293461646
1369	0.03292839804
1370	0.03292202995
1371	0.03291457309
1372	0.03290288496
1373	0.03289573076
1374	0.03288804846
1375	0.03287839189
1376	0.03286752372
1377	0.03285688753
1378	0.03284270309
1379	0.03283682431
1380	0.03282702706
1381	0.03282062288
1382	0.03281313806
1383	0.03280426213
1384	0.03279725004
1385	0.03278837865
1386	0.0327806773
1387	0.03277085822
1388	0.0327635228
1389	0.0327562712
1390	0.03274821607
1391	0.03273928259
1392	0.03273229225
1393	0.03272585488
1394	0.03272061492
1395	0.03271581455
1396	0.03270523192
1397	0.03269830962
1398	0.03269117521
1399	0.03268225013
1400	0.03267261516
1401	0.03266612206
1402	0.0326599322
1403	0.0326497192
1404	0.03264190319
1405	0.03263570251
1406	0.03262474032
1407	0.03261670191
1408	0.03260927974
1409	0.03260079829
1410	0.03258987884
1411	0.03258065033
1412	0.03257165248
1413	0.03256591542
1414	0.03255987784
1415	0.03255378424
1416	0.03254611035
1417	0.03253581857
1418	0.03252767066
1419	0.0325204824
1420	0.03251160571
1421	0.03250096279
1422	0.03249417102
1423	0.03248906708
1424	0.03247873758
1425	0.03247125729
1426	0.03246052167
1427	0.03245320018
1428	0.03244237057
1429	0.03243134918
1430	0.03242267247
1431	0.03241393326
1432	0.03240796524
1433	0.03240376174
1434	0.03239609974
1435	0.03238561038
1436	0.03237803915
1437	0.03237303205
1438	0.0323656987
1439	0.03235714782
1440	0.0323512881
1441	0.03233760778
1442	0.0323305386
1443	0.03232205495
1444	0.03231193885
1445	0.03230686558
1446	0.0323003131
1447	0.03229164683
1448	0.03228502798
1449	0.03227723282
1450	0.03226981899
1451	0.03225641686
1452	0.03224618656
1453	0.032238316
1454	0.03223158733
1455	0.03222132929
1456	0.03220913103
1457	0.03220211631
1458	0.03219427616
1459	0.03219045258
1460	0.03218457738
1461	0.03217617572
1462	0.03216947714
1463	0.03215645546
1464	0.03214802315
1465	0.03214136611
1466	0.03213372885
1467	0.03212678664
1468	0.03211804199
1469	0.03211228391
1470	0.03210401583
1471	0.03209619501
1472	0.03208619472
1473	0.03207965703
1474	0.03207080676
1475	0.03206094847
1476	0.03205146815
1477	0.03204591669
1478	0.03203774436
1479	0.03203185321
1480	0.03202545233
1481	0.03201755443
1482	0.03201068275
1483	0.03200592759
1484	0.03199891476
1485	0.03198617402
1486	0.03198158352
1487	0.03197319948
1488	0.03196658695
1489	0.03195971365
1490	0.03195269409
1491	0.0319428932
1492	0.03193693554
1493	0.03192944947
1494	0.03192147732
1495	0.03190818954
1496	0.03189988882
1497	0.03189121586
1498	0.0318848075
1499	0.03187767506
1500	0.03186963887
1501	0.03186414864
1502	0.03185523418
1503	0.0318495146
1504	0.03184207793
1505	0.03183434145
1506	0.03182887543
1507	0.03182146188
1508	0.03181516923
1509	0.03180297889
1510	0.03179456237
1511	0.03178709277
1512	0.03177886833
1513	0.03177180233
1514	0.03176623417
1515	0.03176255767
1516	0.03175477112
1517	0.03174895744
1518	0.03174233598
1519	0.03173471056
1520	0.0317272447
1521	0.03171912185
1522	0.03171235902
1523	0.03170546947
1524	0.03169604628
1525	0.03168318135
1526	0.03167866669
1527	0.03167110095
1528	0.03166001538
1529	0.03165030569
1530	0.03164303776
1531	0.031634934
1532	0.03162829678
1533	0.03161742978
1534	0.03160553262
1535	0.03159892917
1536	0.03159244764
1537	0.0315840302
1538	0.03157170497
1539	0.03156812767
1540	0.03156202165
1541	0.03155530523
1542	0.0315456793
1543	0.03153312383
1544	0.03152642607
1545	0.03151986941
1546	0.03151527768
1547	0.03150862298
1548	0.03150069621
1549	0.03149338677
1550	0.03148700198
1551	0.03148055377
1552	0.03146914293
1553	0.03146084962
1554	0.03145168207
1555	0.03144571264
1556	0.0314362922
1557	0.03143156585
1558	0.03142469928
1559	0.03141760699
1560	0.03141091032
1561	0.03140369526
1562	0.03139330139
1563	0.03138474752
1564	0.03137620027
1565	0.0313690879
1566	0.03136310698
1567	0.03135642607
1568	0.03135007179
1569	0.03134286183
1570	0.03133655648
1571	0.0313307228
1572	0.03132280856
1573	0.03131626331
1574	0.03130929727
1575	0.03130125564
1576	0.03129386847
1577	0.03128775849
1578	0.03128032393
1579	0.03127393135
1580	0.03126568812
1581	0.03125426849
1582	0.03124407836
1583	0.03123297636
1584	0.03122396249
1585	0.03121771021
1586	0.03120993059
1587	0.03120206487
1588	0.03119691092
1589	0.03118969918
1590	0.0311826847
1591	0.03117126903
1592	0.03116314594
1593	0.03115593288
1594	0.03114558339
1595	0.03113934333
1596	0.03112913899
1597	0.03112152071
1598	0.03111354107
1599	0.03110855783
1600	0.03110306585
1601	0.03109509587
1602	0.03109080354
1603	0.03108196185
1604	0.03107544944
1605	0.03106737551
1606	0.03106174392
1607	0.03105173227
1608	0.03104712975
1609	0.03103715125
1610	0.03103028477
1611	0.03101976792
1612	0.03101279985
1613	0.03100456678
1614	0.03099261534
1615	0.03098410235
1616	0.03097839681
1617	0.03097081429
1618	0.03096302789
1619	0.03095966355
1620	0.03095361644
1621	0.03094727345
1622	0.03093991693
1623	0.03093309215
1624	0.03092334192
1625	0.0309136712
1626	0.03090639532
1627	0.03090080198
1628	0.03089333321
1629	0.03088802157
1630	0.03088182446
1631	0.03087419854
1632	0.03086627912
1633	0.03085900068
1634	0.03085085059
1635	0.03083900751
1636	0.03083348452
1637	0.03082514071
1638	0.03082187493
1639	0.03081607262
1640	0.03080850528
1641	0.03080272849
1642	0.03079655054
1643	0.0307911028
1644	0.03077952148
1645	0.03077374001
1646	0.03076426703
1647	0.03075619115
1648	0.03074943019
1649	0.03074375258
1650	0.03073768014
1651	0.03073315019
1652	0.03072561958
1653	0.03071909916
1654	0.03070956906
1655	0.03070192001
1656	0.03069495614
1657	0.03068895462
1658	0.03068191987
1659	0.0306765728
1660	0.0306692384
1661	0.03066110237
1662	0.03065451057
1663	0.03064850011
1664	0.03064073586
1665	0.03063451786
1666	0.03062237512
1667	0.03061104003
1668	0.03060408145
1669	0.03059321783
1670	0.03058636389
1671	0.03057864439
1672	0.03057074025
1673	0.03055965853
1674	0.03055338289
1675	0.03054816281
1676	0.03054213011
1677	0.03053535187
1678	0.03052610556
1679	0.03051547713
1680	0.03050762276
1681	0.03050087636
1682	0.03049503336
1683	0.03048803908
1684	0.0304824597
1685	0.03047732388
1686	0.03047061593
1687	0.0304649938
1688	0.03045870743
1689	0.03045319737
1690	0.030445394
1691	0.03043728044
1692	0.03043045842
1693	0.03042254297
1694	0.03041581898
1695	0.03041000546
1696	0.03040410765
1697	0.03039517674
1698	0.03038866525
1699	0.0303834911
1700	0.03037802173
1701	0.03037037019
1702	0.03036193983
1703	0.03035762767
1704	0.03035087117
1705	0.03034439386
1706	0.03033489145
1707	0.03032701147
1708	0.03032062537
1709	0.03031336891
1710	0.0303076002
1711	0.03029740807
1712	0.03029325221
1713	0.03028862504
1714	0.03028296514
1715	0.03027990837
1716	0.03026954902
1717	0.03025941703
1718	0.0302508368
1719	0.03024170895
1720	0.03023504086
1721	0.03022820864
1722	0.0302219054
1723	0.0302157554
1724	0.03020733106
1725	0.0301990835
1726	0.03019362282
1727	0.0301895698
1728	0.03018222034
1729	0.03017431767
1730	0.030168617
1731	0.0301615026
1732	0.03015597882
1733	0.0301503895
1734	0.03014509583
1735	0.03013793156
1736	0.03013205506
1737	0.03012492467
1738	0.03012061929
1739	0.03011363243
1740	0.03010168136
1741	0.03009238802
1742	0.03008636751
1743	0.03008027763
1744	0.03007623076
1745	0.03006858866
1746	0.03006093771
1747	0.03005193883
1748	0.03004059095
1749	0.03003051017
1750	0.03002244591
1751	0.03001540066
1752	0.03000901014
1753	0.03000403434
1754	0.02999708194
1755	0.02999091062
1756	0.02998330317
1757	0.02997526119
1758	0.02996850325
1759	0.02996158128
1760	0.02995527533
1761	0.02994966534
1762	0.02994300523
1763	0.02993420918
1764	0.02992515377
1765	0.02992147928
1766	0.02991360985
1767	0.02990604874
1768	0.02989729864
1769	0.02989059101
1770	0.02988251664
1771	0.02987228335
1772	0.02986490513
1773	0.02985760749
1774	0.02984604553
1775	0.0298393936
1776	0.02983584803
1777	0.02982870406
1778	0.02982122867
1779	0.02981531518
1780	0.02980778777
1781	0.02980186793
1782	0.02979048037
1783	0.02978063913
1784	0.02977647172
1785	0.02976532083
1786	0.02975928067
1787	0.02975207988
1788	0.02974455982
1789	0.02973929747
1790	0.02973319101
1791	0.02973035805
1792	0.02972505899
1793	0.02971768305
1794	0.02971100864
1795	0.0297042625
1796	0.02969264533
1797	0.02968644203
1798	0.02968061135
1799	0.02967541426
1800	0.02966905738
1801	0.02966153029
1802	0.02965686617
1803	0.02965104637
1804	0.02963970525
1805	0.02963095541
1806	0.02962430194
1807	0.02961321476
1808	0.02960740917
1809	0.02960397822
1810	0.02959749219
1811	0.02958874134
1812	0.02958031892
1813	0.0295755604
1814	0.02957151826
1815	0.02956068374
1816	0.02955469755
1817	0.02954617117
1818	0.02953560333
1819	0.02952830178
1820	0.02952110337
1821	0.02951551655
1822	0.02951214131
1823	0.02950424053
1824	0.02949731701
1825	0.0294907786
1826	0.02948627715
1827	0.02947795716
1828	0.02946710385
1829	0.02945775898
1830	0.02945336037
1831	0.02944863359
1832	0.02943937823
1833	0.02943298402
1834	0.02942907476
1835	0.02942081517
1836	0.02941463445
1837	0.02940652238
1838	0.02940095348
1839	0.0293927735
1840	0.02938633349
1841	0.02937804789
1842	0.02937453191
1843	0.02936871193
1844	0.02936304254
1845	0.02935683536
1846	0.029351427
1847	0.02934612922
1848	0.0293389965
1849	0.02933214615
1850	0.02932577369
1851	0.02931950272
1852	0.02931047184
1853	0.02930408675
1854	0.02929599392
1855	0.02928901778
1856	0.0292863085
1857	0.02928018973
1858	0.02927601778
1859	0.02926575863
1860	0.02926250206
1861	0.02925985735
1862	0.02924981265
1863	0.02924191477
1864	0.02923506626
1865	0.02923128318
1866	0.02922145464
1867	0.02921571166
1868	0.02920967249
1869	0.02920448738
1870	0.02919769205
1871	0.02918793977
1872	0.02917866015
1873	0.02917283399
1874	0.02916397715
1875	0.02916080871
1876	0.02915311225
1877	0.02914904541
1878	0.02914145968
1879	0.02913558361
1880	0.02912524378
1881	0.02911863943
1882	0.0291124773
1883	0.02910796013
1884	0.02910010791
1885	0.02909420375
1886	0.02908471237
1887	0.02908045978
1888	0.02907375733
1889	0.0290666889
1890	0.02906209603
1891	0.02905585965
1892	0.02905034328
1893	0.02904527004
1894	0.02903998464
1895	0.02903306211
1896	0.02902566636
1897	0.02901944872
1898	0.02901125709
1899	0.02900471324
1900	0.02899865894
1901	0.02899240743
1902	0.02898908385
1903	0.02897981
1904	0.0289731866
1905	0.02896755047
1906	0.02896155457
1907	0.02895585152
1908	0.02895162051
1909	0.02894507028
1910	0.02893597612
1911	0.02892804021
1912	0.02892265695
1913	0.02891752407
1914	0.02890975985
1915	0.02890292274
1916	0.02889645144
1917	0.02888565087
1918	0.02888004325
1919	0.02887366838
1920	0.0288660708
1921	0.02885749716
1922	0.02885248686
1923	0.02884635449
1924	0.02883963751
1925	0.02883028573
1926	0.02882172868
1927	0.02881496091
1928	0.02880864038
1929	0.02880615402
1930	0.02880132639
1931	0.02879642441
1932	0.02878729938
1933	0.02878071945
1934	0.02877179397
1935	0.02876874288
1936	0.02876206101
1937	0.02875468471
1938	0.02874851382
1939	0.02874137135
1940	0.02873450053
1941	0.02872949841
1942	0.02872311107
1943	0.02871767686
1944	0.02871117061
1945	0.02870454133
1946	0.02869926415
1947	0.028690573
1948	0.02868566614
1949	0.02867850502
1950	0.02867150092
1951	0.02866636916
1952	0.02865697585
1953	0.02865349963
1954	0.02864640571
1955	0.02864079412
1956	0.02863167367
1957	0.02862545289
1958	0.02862027981
1959	0.02861532202
1960	0.02860939891
1961	0.0286010681
1962	0.02859511696
1963	0.02859273627
1964	0.0285881871
1965	0.02858165133
1966	0.02857868035
1967	0.02857367036
1968	0.02856449313
1969	0.02855722451
1970	0.02854979683
1971	0.02854374034
1972	0.02853722674
1973	0.02853150893
1974	0.02852648023
1975	0.02851903183
1976	0.02851404229
1977	0.02850533661
1978	0.02849923444
1979	0.02849230759
1980	0.02848996709
1981	0.02848380873
1982	0.02847834181
1983	0.02846971067
1984	0.0284634239
1985	0.02845387175
1986	0.02844634769
1987	0.02844014203
1988	0.02843440894
1989	0.0284287075
1990	0.02841936284
1991	0.02841144278
1992	0.02840753702
1993	0.02840307303
1994	0.02839750032
1995	0.02839268469
1996	0.02838778762
1997	0.02838266253
1998	0.02837583012
1999	0.02837091387
2000	0.02836461372
2001	0.02835780464
2002	0.02835175026
2003	0.02834740106
2004	0.02833980672
2005	0.02833364746
2006	0.02832593845
2007	0.02831854985
2008	0.02831140164
2009	0.0283066239
2010	0.02830367174
2011	0.02829539733
2012	0.02828547866
2013	0.02827909563
2014	0.02827137426
2015	0.02826656935
2016	0.02826042449
2017	0.02825815848
2018	0.02825528898
2019	0.02825131222
2020	0.0282462064
2021	0.0282381258
2022	0.0282299779
2023	0.02822529188
2024	0.02821987877
2025	0.0282140678
2026	0.02820908264
2027	0.02820198538
2028	0.02819587647
2029	0.02819111341
2030	0.02818415889
2031	0.02817848966
2032	0.02817562576
2033	0.02816892736
2034	0.02816301621
2035	0.02815485259
2036	0.0281497079
2037	0.02814391445
2038	0.02813931964
2039	0.02813350658
2040	0.02812445015
2041	0.02811935086
2042	0.02811512182
2043	0.0281091509
2044	0.02810027359
2045	0.0280944328
2046	0.02808995804
2047	0.0280803374
2048	0.02807570706
2049	0.02807002245
2050	0.02806483708
2051	0.02805879079
2052	0.02805445015
2053	0.02804575444
2054	0.02803926625
2055	0.02803195184
2056	0.02802579366
2057	0.02802157146
2058	0.02801511906
2059	0.02800901218
2060	0.02800213333
2061	0.02799773873
2062	0.02798973415
2063	0.02798322537
2064	0.02797390289
2065	0.02796833916
2066	0.02796057803
2067	0.0279563219
2068	0.02794655248
2069	0.02794061984
2070	0.02793695824
2071	0.02792980235
2072	0.02792410354
2073	0.02791936417
2074	0.02791360544
2075	0.0279091984
2076	0.02790249148
2077	0.02789377546
2078	0.02788922736
2079	0.02788249773
2080	0.02787892469
2081	0.0278716408
2082	0.02786446616
2083	0.02785875204
2084	0.02785417004
2085	0.02784809668
2086	0.02784264
2087	0.02783664758
2088	0.0278291369
2089	0.02782255867
2090	0.02781633044
2091	0.02781039154
2092	0.02780575756
2093	0.02779395884
2094	0.02779116667
2095	0.02778131705
2096	0.02777435418
2097	0.02777173002
2098	0.02776399175
2099	0.02775664529
